mn_type,mn_id,nerve,subsystem,thorax,side,joint,dof,actuator_name,sign,action,gain,bias,confidence,notes
MNad01_AbN3_L,19300,AbN3,abdomen,Ab,left,abdomen,main,abdomen,,,1.0,0.0,strong,"auto by subsystem=abdomen, nerve=AbN3, side=L"
MNad01_AbN3_R,18939,AbN3,abdomen,Ab,right,abdomen,main,abdomen,,,1.0,0.0,strong,"auto by subsystem=abdomen, nerve=AbN3, side=R"
MNad01_AbN4_L,21022,AbN4,abdomen,Ab,left,abdomen,main,abdomen,,,1.0,0.0,strong,"auto by subsystem=abdomen, nerve=AbN4, side=L"
MNad01_AbN4_L,29602,AbN4,abdomen,Ab,left,abdomen,main,abdomen,,,1.0,0.0,strong,"auto by subsystem=abdomen, nerve=AbN4, side=L"
MNad01_AbN4_R,155854,AbN4,abdomen,Ab,right,abdomen,main,abdomen,,,1.0,0.0,strong,"auto by subsystem=abdomen, nerve=AbN4, side=R"
MNad01_AbN4_R,20052,AbN4,abdomen,Ab,right,abdomen,main,abdomen,,,1.0,0.0,strong,"auto by subsystem=abdomen, nerve=AbN4, side=R"
MNad02_AbN2_L,18551,AbN2,abdomen,Ab,left,abdomen,main,abdomen,,,1.0,0.0,strong,"auto by subsystem=abdomen, nerve=AbN2, side=L"
MNad02_AbN2_R,17719,AbN2,abdomen,Ab,right,abdomen,main,abdomen,,,1.0,0.0,strong,"auto by subsystem=abdomen, nerve=AbN2, side=R"
MNad02_AbN3_L,19693,AbN3,abdomen,Ab,left,abdomen,main,abdomen,,,1.0,0.0,strong,"auto by subsystem=abdomen, nerve=AbN3, side=L"
MNad02_AbN3_R,24225,AbN3,abdomen,Ab,right,abdomen,main,abdomen,,,1.0,0.0,strong,"auto by subsystem=abdomen, nerve=AbN3, side=R"
MNad02_AbN4_L,18503,AbN4,abdomen,Ab,left,abdomen,main,abdomen,,,1.0,0.0,strong,"auto by subsystem=abdomen, nerve=AbN4, side=L"
MNad02_AbN4_L,19824,AbN4,abdomen,Ab,left,abdomen,main,abdomen,,,1.0,0.0,strong,"auto by subsystem=abdomen, nerve=AbN4, side=L"
MNad02_AbN4_L,25810,AbN4,abdomen,Ab,left,abdomen,main,abdomen,,,1.0,0.0,strong,"auto by subsystem=abdomen, nerve=AbN4, side=L"
MNad02_AbN4_L,27651,AbN4,abdomen,Ab,left,abdomen,main,abdomen,,,1.0,0.0,strong,"auto by subsystem=abdomen, nerve=AbN4, side=L"
MNad02_AbN4_R,154153,AbN4,abdomen,Ab,right,abdomen,main,abdomen,,,1.0,0.0,strong,"auto by subsystem=abdomen, nerve=AbN4, side=R"
MNad02_AbN4_R,17319,AbN4,abdomen,Ab,right,abdomen,main,abdomen,,,1.0,0.0,strong,"auto by subsystem=abdomen, nerve=AbN4, side=R"
MNad02_AbN4_R,20055,AbN4,abdomen,Ab,right,abdomen,main,abdomen,,,1.0,0.0,strong,"auto by subsystem=abdomen, nerve=AbN4, side=R"
MNad02_AbN4_R,20115,AbN4,abdomen,Ab,right,abdomen,main,abdomen,,,1.0,0.0,strong,"auto by subsystem=abdomen, nerve=AbN4, side=R"
MNad03_AbN4_L,16305,AbN4,abdomen,Ab,left,abdomen,main,abdomen,,,1.0,0.0,strong,"auto by subsystem=abdomen, nerve=AbN4, side=L"
MNad03_AbN4_L,28921,AbN4,abdomen,Ab,left,abdomen,main,abdomen,,,1.0,0.0,strong,"auto by subsystem=abdomen, nerve=AbN4, side=L"
MNad03_AbN4_L,30702,AbN4,abdomen,Ab,left,abdomen,main,abdomen,,,1.0,0.0,strong,"auto by subsystem=abdomen, nerve=AbN4, side=L"
MNad03_AbN4_R,16560,AbN4,abdomen,Ab,right,abdomen,main,abdomen,,,1.0,0.0,strong,"auto by subsystem=abdomen, nerve=AbN4, side=R"
MNad03_AbN4_R,18060,AbN4,abdomen,Ab,right,abdomen,main,abdomen,,,1.0,0.0,strong,"auto by subsystem=abdomen, nerve=AbN4, side=R"
MNad03_AbN4_R,27988,AbN4,abdomen,Ab,right,abdomen,main,abdomen,,,1.0,0.0,strong,"auto by subsystem=abdomen, nerve=AbN4, side=R"
MNad04_AbNT_L,16437,AbNT,abdomen,Ab,left,abdomen,main,abdomen,,,1.0,0.0,strong,"auto by subsystem=abdomen, nerve=AbNT, side=L"
MNad04_AbNT_L,16735,AbNT,abdomen,Ab,left,abdomen,main,abdomen,,,1.0,0.0,strong,"auto by subsystem=abdomen, nerve=AbNT, side=L"
MNad04_AbNT_R,152119,AbNT,abdomen,Ab,right,abdomen,main,abdomen,,,1.0,0.0,strong,"auto by subsystem=abdomen, nerve=AbNT, side=R"
MNad04_AbNT_R,16501,AbNT,abdomen,Ab,right,abdomen,main,abdomen,,,1.0,0.0,strong,"auto by subsystem=abdomen, nerve=AbNT, side=R"
MNad05_AbN4_L,102953,AbN4,abdomen,Ab,left,abdomen,main,abdomen,,,1.0,0.0,strong,"auto by subsystem=abdomen, nerve=AbN4, side=L"
MNad05_AbN4_L,17179,AbN4,abdomen,Ab,left,abdomen,main,abdomen,,,1.0,0.0,strong,"auto by subsystem=abdomen, nerve=AbN4, side=L"
MNad05_AbN4_L,17645,AbN4,abdomen,Ab,left,abdomen,main,abdomen,,,1.0,0.0,strong,"auto by subsystem=abdomen, nerve=AbN4, side=L"
MNad05_AbN4_R,14902,AbN4,abdomen,Ab,right,abdomen,main,abdomen,,,1.0,0.0,strong,"auto by subsystem=abdomen, nerve=AbN4, side=R"
MNad05_AbN4_R,16227,AbN4,abdomen,Ab,right,abdomen,main,abdomen,,,1.0,0.0,strong,"auto by subsystem=abdomen, nerve=AbN4, side=R"
MNad05_AbN4_R,16330,AbN4,abdomen,Ab,right,abdomen,main,abdomen,,,1.0,0.0,strong,"auto by subsystem=abdomen, nerve=AbN4, side=R"
MNad06_AbN3_L,15388,AbN3,abdomen,Ab,left,abdomen,main,abdomen,,,1.0,0.0,strong,"auto by subsystem=abdomen, nerve=AbN3, side=L"
MNad06_AbN3_R,14211,AbN3,abdomen,Ab,right,abdomen,main,abdomen,,,1.0,0.0,strong,"auto by subsystem=abdomen, nerve=AbN3, side=R"
MNad06_AbN4_L,14981,AbN4,abdomen,Ab,left,abdomen,main,abdomen,,,1.0,0.0,strong,"auto by subsystem=abdomen, nerve=AbN4, side=L"
MNad06_AbN4_L,15354,AbN4,abdomen,Ab,left,abdomen,main,abdomen,,,1.0,0.0,strong,"auto by subsystem=abdomen, nerve=AbN4, side=L"
MNad06_AbN4_L,20425,AbN4,abdomen,Ab,left,abdomen,main,abdomen,,,1.0,0.0,strong,"auto by subsystem=abdomen, nerve=AbN4, side=L"
MNad06_AbN4_R,101706,AbN4,abdomen,Ab,right,abdomen,main,abdomen,,,1.0,0.0,strong,"auto by subsystem=abdomen, nerve=AbN4, side=R"
MNad06_AbN4_R,15059,AbN4,abdomen,Ab,right,abdomen,main,abdomen,,,1.0,0.0,strong,"auto by subsystem=abdomen, nerve=AbN4, side=R"
MNad06_AbN4_R,18674,AbN4,abdomen,Ab,right,abdomen,main,abdomen,,,1.0,0.0,strong,"auto by subsystem=abdomen, nerve=AbN4, side=R"
MNad07_AbN4_L,13733,AbN4,abdomen,Ab,left,abdomen,main,abdomen,,,1.0,0.0,strong,"auto by subsystem=abdomen, nerve=AbN4, side=L"
MNad07_AbN4_L,14768,AbN4,abdomen,Ab,left,abdomen,main,abdomen,,,1.0,0.0,strong,"auto by subsystem=abdomen, nerve=AbN4, side=L"
MNad07_AbN4_R,14288,AbN4,abdomen,Ab,right,abdomen,main,abdomen,,,1.0,0.0,strong,"auto by subsystem=abdomen, nerve=AbN4, side=R"
MNad07_AbN4_R,22139,AbN4,abdomen,Ab,right,abdomen,main,abdomen,,,1.0,0.0,strong,"auto by subsystem=abdomen, nerve=AbN4, side=R"
MNad08_AbN4_L,13671,AbN4,abdomen,Ab,left,abdomen,main,abdomen,,,1.0,0.0,strong,"auto by subsystem=abdomen, nerve=AbN4, side=L"
MNad08_AbN4_L,15202,AbN4,abdomen,Ab,left,abdomen,main,abdomen,,,1.0,0.0,strong,"auto by subsystem=abdomen, nerve=AbN4, side=L"
MNad08_AbN4_L,15846,AbN4,abdomen,Ab,left,abdomen,main,abdomen,,,1.0,0.0,strong,"auto by subsystem=abdomen, nerve=AbN4, side=L"
MNad08_AbN4_R,13242,AbN4,abdomen,Ab,right,abdomen,main,abdomen,,,1.0,0.0,strong,"auto by subsystem=abdomen, nerve=AbN4, side=R"
MNad08_AbN4_R,13899,AbN4,abdomen,Ab,right,abdomen,main,abdomen,,,1.0,0.0,strong,"auto by subsystem=abdomen, nerve=AbN4, side=R"
MNad08_AbN4_R,159031,AbN4,abdomen,Ab,right,abdomen,main,abdomen,,,1.0,0.0,strong,"auto by subsystem=abdomen, nerve=AbN4, side=R"
MNad09_AbNT,100375,AbNT,abdomen,Ab,,abdomen,main,abdomen,,,1.0,0.0,strong,"auto by subsystem=abdomen, nerve=AbNT, side=ND"
MNad09_AbNT,13182,AbNT,abdomen,Ab,,abdomen,main,abdomen,,,1.0,0.0,strong,"auto by subsystem=abdomen, nerve=AbNT, side=ND"
MNad09_AbNT,13631,AbNT,abdomen,Ab,,abdomen,main,abdomen,,,1.0,0.0,strong,"auto by subsystem=abdomen, nerve=AbNT, side=ND"
MNad09_AbNT,13760,AbNT,abdomen,Ab,,abdomen,main,abdomen,,,1.0,0.0,strong,"auto by subsystem=abdomen, nerve=AbNT, side=ND"
MNad09_AbNT,14859,AbNT,abdomen,Ab,,abdomen,main,abdomen,,,1.0,0.0,strong,"auto by subsystem=abdomen, nerve=AbNT, side=ND"
MNad09_AbNT,14883,AbNT,abdomen,Ab,,abdomen,main,abdomen,,,1.0,0.0,strong,"auto by subsystem=abdomen, nerve=AbNT, side=ND"
MNad09_AbNT,15529,AbNT,abdomen,Ab,,abdomen,main,abdomen,,,1.0,0.0,strong,"auto by subsystem=abdomen, nerve=AbNT, side=ND"
MNad09_AbNT,16730,AbNT,abdomen,Ab,,abdomen,main,abdomen,,,1.0,0.0,strong,"auto by subsystem=abdomen, nerve=AbNT, side=ND"
MNad10_AbN3_L,13480,AbN3,abdomen,Ab,left,abdomen,main,abdomen,,,1.0,0.0,strong,"auto by subsystem=abdomen, nerve=AbN3, side=L"
MNad10_AbN3_R,14123,AbN3,abdomen,Ab,right,abdomen,main,abdomen,,,1.0,0.0,strong,"auto by subsystem=abdomen, nerve=AbN3, side=R"
MNad10_AbN4_L,14602,AbN4,abdomen,Ab,left,abdomen,main,abdomen,,,1.0,0.0,strong,"auto by subsystem=abdomen, nerve=AbN4, side=L"
MNad10_AbN4_R,14469,AbN4,abdomen,Ab,right,abdomen,main,abdomen,,,1.0,0.0,strong,"auto by subsystem=abdomen, nerve=AbN4, side=R"
MNad11_AbN3_L,13403,AbN3,abdomen,Ab,left,abdomen,main,abdomen,,,1.0,0.0,strong,"auto by subsystem=abdomen, nerve=AbN3, side=L"
MNad11_AbN3_R,13579,AbN3,abdomen,Ab,right,abdomen,main,abdomen,,,1.0,0.0,strong,"auto by subsystem=abdomen, nerve=AbN3, side=R"
MNad11_AbN4_L,13999,AbN4,abdomen,Ab,left,abdomen,main,abdomen,,,1.0,0.0,strong,"auto by subsystem=abdomen, nerve=AbN4, side=L"
MNad11_AbN4_L,18692,AbN4,abdomen,Ab,left,abdomen,main,abdomen,,,1.0,0.0,strong,"auto by subsystem=abdomen, nerve=AbN4, side=L"
MNad11_AbN4_L,19924,AbN4,abdomen,Ab,left,abdomen,main,abdomen,,,1.0,0.0,strong,"auto by subsystem=abdomen, nerve=AbN4, side=L"
MNad11_AbN4_R,13878,AbN4,abdomen,Ab,right,abdomen,main,abdomen,,,1.0,0.0,strong,"auto by subsystem=abdomen, nerve=AbN4, side=R"
MNad11_AbN4_R,14008,AbN4,abdomen,Ab,right,abdomen,main,abdomen,,,1.0,0.0,strong,"auto by subsystem=abdomen, nerve=AbN4, side=R"
MNad11_AbN4_R,19486,AbN4,abdomen,Ab,right,abdomen,main,abdomen,,,1.0,0.0,strong,"auto by subsystem=abdomen, nerve=AbN4, side=R"
MNad12_AbNT_L,13225,AbNT,abdomen,Ab,left,abdomen,main,abdomen,,,1.0,0.0,strong,"auto by subsystem=abdomen, nerve=AbNT, side=L"
MNad12_AbNT_L,14233,AbNT,abdomen,Ab,left,abdomen,main,abdomen,,,1.0,0.0,strong,"auto by subsystem=abdomen, nerve=AbNT, side=L"
MNad12_AbNT_R,13183,AbNT,abdomen,Ab,right,abdomen,main,abdomen,,,1.0,0.0,strong,"auto by subsystem=abdomen, nerve=AbNT, side=R"
MNad12_AbNT_R,14787,AbNT,abdomen,Ab,right,abdomen,main,abdomen,,,1.0,0.0,strong,"auto by subsystem=abdomen, nerve=AbNT, side=R"
MNad13_AbN2_L,12269,AbN2,abdomen,Ab,left,abdomen,main,abdomen,,,1.0,0.0,strong,"auto by subsystem=abdomen, nerve=AbN2, side=L"
MNad13_AbN2_R,11830,AbN2,abdomen,Ab,right,abdomen,main,abdomen,,,1.0,0.0,strong,"auto by subsystem=abdomen, nerve=AbN2, side=R"
MNad13_AbN3_L,12844,AbN3,abdomen,Ab,left,abdomen,main,abdomen,,,1.0,0.0,strong,"auto by subsystem=abdomen, nerve=AbN3, side=L"
MNad13_AbN3_R,13297,AbN3,abdomen,Ab,right,abdomen,main,abdomen,,,1.0,0.0,strong,"auto by subsystem=abdomen, nerve=AbN3, side=R"
MNad13_AbN4_L,100612,AbN4,abdomen,Ab,left,abdomen,main,abdomen,,,1.0,0.0,strong,"auto by subsystem=abdomen, nerve=AbN4, side=L"
MNad13_AbN4_L,13655,AbN4,abdomen,Ab,left,abdomen,main,abdomen,,,1.0,0.0,strong,"auto by subsystem=abdomen, nerve=AbN4, side=L"
MNad13_AbN4_L,16178,AbN4,abdomen,Ab,left,abdomen,main,abdomen,,,1.0,0.0,strong,"auto by subsystem=abdomen, nerve=AbN4, side=L"
MNad13_AbN4_L,23801,AbN4,abdomen,Ab,left,abdomen,main,abdomen,,,1.0,0.0,strong,"auto by subsystem=abdomen, nerve=AbN4, side=L"
MNad13_AbN4_R,14853,AbN4,abdomen,Ab,right,abdomen,main,abdomen,,,1.0,0.0,strong,"auto by subsystem=abdomen, nerve=AbN4, side=R"
MNad13_AbN4_R,15182,AbN4,abdomen,Ab,right,abdomen,main,abdomen,,,1.0,0.0,strong,"auto by subsystem=abdomen, nerve=AbN4, side=R"
MNad13_AbN4_R,16375,AbN4,abdomen,Ab,right,abdomen,main,abdomen,,,1.0,0.0,strong,"auto by subsystem=abdomen, nerve=AbN4, side=R"
MNad13_AbN4_R,17576,AbN4,abdomen,Ab,right,abdomen,main,abdomen,,,1.0,0.0,strong,"auto by subsystem=abdomen, nerve=AbN4, side=R"
MNad14_AbN3_L,12802,AbN3,abdomen,Ab,left,abdomen,main,abdomen,,,1.0,0.0,strong,"auto by subsystem=abdomen, nerve=AbN3, side=L"
MNad14_AbN3_R,15534,AbN3,abdomen,Ab,right,abdomen,main,abdomen,,,1.0,0.0,strong,"auto by subsystem=abdomen, nerve=AbN3, side=R"
MNad14_AbN4_L,12810,AbN4,abdomen,Ab,left,abdomen,main,abdomen,,,1.0,0.0,strong,"auto by subsystem=abdomen, nerve=AbN4, side=L"
MNad14_AbN4_L,13547,AbN4,abdomen,Ab,left,abdomen,main,abdomen,,,1.0,0.0,strong,"auto by subsystem=abdomen, nerve=AbN4, side=L"
MNad14_AbN4_L,14241,AbN4,abdomen,Ab,left,abdomen,main,abdomen,,,1.0,0.0,strong,"auto by subsystem=abdomen, nerve=AbN4, side=L"
MNad14_AbN4_R,13486,AbN4,abdomen,Ab,right,abdomen,main,abdomen,,,1.0,0.0,strong,"auto by subsystem=abdomen, nerve=AbN4, side=R"
MNad14_AbN4_R,16367,AbN4,abdomen,Ab,right,abdomen,main,abdomen,,,1.0,0.0,strong,"auto by subsystem=abdomen, nerve=AbN4, side=R"
MNad14_AbN4_R,16431,AbN4,abdomen,Ab,right,abdomen,main,abdomen,,,1.0,0.0,strong,"auto by subsystem=abdomen, nerve=AbN4, side=R"
MNad15_AbN4_L,12612,AbN4,abdomen,Ab,left,abdomen,main,abdomen,,,1.0,0.0,strong,"auto by subsystem=abdomen, nerve=AbN4, side=L"
MNad15_AbN4_L,15073,AbN4,abdomen,Ab,left,abdomen,main,abdomen,,,1.0,0.0,strong,"auto by subsystem=abdomen, nerve=AbN4, side=L"
MNad15_AbN4_R,12509,AbN4,abdomen,Ab,right,abdomen,main,abdomen,,,1.0,0.0,strong,"auto by subsystem=abdomen, nerve=AbN4, side=R"
MNad15_AbN4_R,13105,AbN4,abdomen,Ab,right,abdomen,main,abdomen,,,1.0,0.0,strong,"auto by subsystem=abdomen, nerve=AbN4, side=R"
MNad16_AbN3_L,15296,AbN3,abdomen,Ab,left,abdomen,main,abdomen,,,1.0,0.0,strong,"auto by subsystem=abdomen, nerve=AbN3, side=L"
MNad16_AbN3_R,33009,AbN3,abdomen,Ab,right,abdomen,main,abdomen,,,1.0,0.0,strong,"auto by subsystem=abdomen, nerve=AbN3, side=R"
MNad16_AbN4_L,17894,AbN4,abdomen,Ab,left,abdomen,main,abdomen,,,1.0,0.0,strong,"auto by subsystem=abdomen, nerve=AbN4, side=L"
MNad16_AbN4_L,22574,AbN4,abdomen,Ab,left,abdomen,main,abdomen,,,1.0,0.0,strong,"auto by subsystem=abdomen, nerve=AbN4, side=L"
MNad16_AbN4_R,21057,AbN4,abdomen,Ab,right,abdomen,main,abdomen,,,1.0,0.0,strong,"auto by subsystem=abdomen, nerve=AbN4, side=R"
MNad16_AbN4_R,27105,AbN4,abdomen,Ab,right,abdomen,main,abdomen,,,1.0,0.0,strong,"auto by subsystem=abdomen, nerve=AbN4, side=R"
MNad16_AbNT_L,153863,AbNT,abdomen,Ab,left,abdomen,main,abdomen,,,1.0,0.0,strong,"auto by subsystem=abdomen, nerve=AbNT, side=L"
MNad16_AbNT_R,12389,AbNT,abdomen,Ab,right,abdomen,main,abdomen,,,1.0,0.0,strong,"auto by subsystem=abdomen, nerve=AbNT, side=R"
MNad17_AbNT_L,11624,AbNT,abdomen,Ab,left,abdomen,main,abdomen,,,1.0,0.0,strong,"auto by subsystem=abdomen, nerve=AbNT, side=L"
MNad17_AbNT_L,12646,AbNT,abdomen,Ab,left,abdomen,main,abdomen,,,1.0,0.0,strong,"auto by subsystem=abdomen, nerve=AbNT, side=L"
MNad17_AbNT_L,12682,AbNT,abdomen,Ab,left,abdomen,main,abdomen,,,1.0,0.0,strong,"auto by subsystem=abdomen, nerve=AbNT, side=L"
MNad17_AbNT_R,11847,AbNT,abdomen,Ab,right,abdomen,main,abdomen,,,1.0,0.0,strong,"auto by subsystem=abdomen, nerve=AbNT, side=R"
MNad17_AbNT_R,12468,AbNT,abdomen,Ab,right,abdomen,main,abdomen,,,1.0,0.0,strong,"auto by subsystem=abdomen, nerve=AbNT, side=R"
MNad17_AbNT_R,13415,AbNT,abdomen,Ab,right,abdomen,main,abdomen,,,1.0,0.0,strong,"auto by subsystem=abdomen, nerve=AbNT, side=R"
MNad18_AbN2_L,11572,AbN2,abdomen,Ab,left,abdomen,main,abdomen,,,1.0,0.0,strong,"auto by subsystem=abdomen, nerve=AbN2, side=L"
MNad18_AbN2_R,11585,AbN2,abdomen,Ab,right,abdomen,main,abdomen,,,1.0,0.0,strong,"auto by subsystem=abdomen, nerve=AbN2, side=R"
MNad18_AbN3_L,12209,AbN3,abdomen,Ab,left,abdomen,main,abdomen,,,1.0,0.0,strong,"auto by subsystem=abdomen, nerve=AbN3, side=L"
MNad18_AbN3_R,12841,AbN3,abdomen,Ab,right,abdomen,main,abdomen,,,1.0,0.0,strong,"auto by subsystem=abdomen, nerve=AbN3, side=R"
MNad19_AbN4_L,10753,AbN4,abdomen,Ab,left,abdomen,main,abdomen,,,1.0,0.0,strong,"auto by subsystem=abdomen, nerve=AbN4, side=L"
MNad19_AbN4_L,11768,AbN4,abdomen,Ab,left,abdomen,main,abdomen,,,1.0,0.0,strong,"auto by subsystem=abdomen, nerve=AbN4, side=L"
MNad19_AbN4_L,13719,AbN4,abdomen,Ab,left,abdomen,main,abdomen,,,1.0,0.0,strong,"auto by subsystem=abdomen, nerve=AbN4, side=L"
MNad19_AbN4_R,11283,AbN4,abdomen,Ab,right,abdomen,main,abdomen,,,1.0,0.0,strong,"auto by subsystem=abdomen, nerve=AbN4, side=R"
MNad19_AbN4_R,11897,AbN4,abdomen,Ab,right,abdomen,main,abdomen,,,1.0,0.0,strong,"auto by subsystem=abdomen, nerve=AbN4, side=R"
MNad19_AbN4_R,12638,AbN4,abdomen,Ab,right,abdomen,main,abdomen,,,1.0,0.0,strong,"auto by subsystem=abdomen, nerve=AbN4, side=R"
MNad20_AbNT_L,11232,AbNT,abdomen,Ab,left,abdomen,main,abdomen,,,1.0,0.0,strong,"auto by subsystem=abdomen, nerve=AbNT, side=L"
MNad20_AbNT_L,15784,AbNT,abdomen,Ab,left,abdomen,main,abdomen,,,1.0,0.0,strong,"auto by subsystem=abdomen, nerve=AbNT, side=L"
MNad20_AbNT_R,13356,AbNT,abdomen,Ab,right,abdomen,main,abdomen,,,1.0,0.0,strong,"auto by subsystem=abdomen, nerve=AbNT, side=R"
MNad20_AbNT_R,163733,AbNT,abdomen,Ab,right,abdomen,main,abdomen,,,1.0,0.0,strong,"auto by subsystem=abdomen, nerve=AbNT, side=R"
MNad21_AbN2_L,10482,AbN2,abdomen,Ab,left,abdomen,main,abdomen,,,1.0,0.0,strong,"auto by subsystem=abdomen, nerve=AbN2, side=L"
MNad21_AbN2_R,10473,AbN2,abdomen,Ab,right,abdomen,main,abdomen,,,1.0,0.0,strong,"auto by subsystem=abdomen, nerve=AbN2, side=R"
MNad21_AbN3_L,10548,AbN3,abdomen,Ab,left,abdomen,main,abdomen,,,1.0,0.0,strong,"auto by subsystem=abdomen, nerve=AbN3, side=L"
MNad21_AbN3_R,10616,AbN3,abdomen,Ab,right,abdomen,main,abdomen,,,1.0,0.0,strong,"auto by subsystem=abdomen, nerve=AbN3, side=R"
MNad22_AbNT,11242,AbNT,abdomen,Ab,,abdomen,main,abdomen,,,1.0,0.0,strong,"auto by subsystem=abdomen, nerve=AbNT, side=ND"
MNad22_AbNT,11545,AbNT,abdomen,Ab,,abdomen,main,abdomen,,,1.0,0.0,strong,"auto by subsystem=abdomen, nerve=AbNT, side=ND"
MNad22_AbNT_L,10386,AbNT,abdomen,Ab,left,abdomen,main,abdomen,,,1.0,0.0,strong,"auto by subsystem=abdomen, nerve=AbNT, side=L"
MNad22_AbNT_R,10383,AbNT,abdomen,Ab,right,abdomen,main,abdomen,,,1.0,0.0,strong,"auto by subsystem=abdomen, nerve=AbNT, side=R"
MNad23_AbNT_L,10505,AbNT,abdomen,Ab,left,abdomen,main,abdomen,,,1.0,0.0,strong,"auto by subsystem=abdomen, nerve=AbNT, side=L"
MNad23_AbNT_R,10359,AbNT,abdomen,Ab,right,abdomen,main,abdomen,,,1.0,0.0,strong,"auto by subsystem=abdomen, nerve=AbNT, side=R"
MNad24_AbN2_L,14871,AbN2,abdomen,Ab,left,abdomen,main,abdomen,,,1.0,0.0,strong,"auto by subsystem=abdomen, nerve=AbN2, side=L"
MNad24_AbN2_R,15481,AbN2,abdomen,Ab,right,abdomen,main,abdomen,,,1.0,0.0,strong,"auto by subsystem=abdomen, nerve=AbN2, side=R"
MNad25_AbN2_L,13924,AbN2,abdomen,Ab,left,abdomen,main,abdomen,,,1.0,0.0,strong,"auto by subsystem=abdomen, nerve=AbN2, side=L"
MNad25_AbN2_R,14370,AbN2,abdomen,Ab,right,abdomen,main,abdomen,,,1.0,0.0,strong,"auto by subsystem=abdomen, nerve=AbN2, side=R"
MNad26_AbN1_L,13717,AbN1,abdomen,Ab,left,abdomen,main,abdomen,,,1.0,0.0,strong,"auto by subsystem=abdomen, nerve=AbN1, side=L"
MNad26_AbN1_R,13298,AbN1,abdomen,Ab,right,abdomen,main,abdomen,,,1.0,0.0,strong,"auto by subsystem=abdomen, nerve=AbN1, side=R"
MNad27_AbN3_L,12445,AbN3,abdomen,Ab,left,abdomen,main,abdomen,,,1.0,0.0,strong,"auto by subsystem=abdomen, nerve=AbN3, side=L"
MNad27_AbN3_R,12314,AbN3,abdomen,Ab,right,abdomen,main,abdomen,,,1.0,0.0,strong,"auto by subsystem=abdomen, nerve=AbN3, side=R"
MNad28_AbN1_L,15523,AbN1,abdomen,Ab,left,abdomen,main,abdomen,,,1.0,0.0,strong,"auto by subsystem=abdomen, nerve=AbN1, side=L"
MNad28_AbN1_R,17160,AbN1,abdomen,Ab,right,abdomen,main,abdomen,,,1.0,0.0,strong,"auto by subsystem=abdomen, nerve=AbN1, side=R"
MNad29_AbN1_L,153281,AbN1,abdomen,Ab,left,abdomen,main,abdomen,,,1.0,0.0,strong,"auto by subsystem=abdomen, nerve=AbN1, side=L"
MNad29_AbN1_R,17688,AbN1,abdomen,Ab,right,abdomen,main,abdomen,,,1.0,0.0,strong,"auto by subsystem=abdomen, nerve=AbN1, side=R"
MNad30_AbN2_L,16068,AbN2,abdomen,Ab,left,abdomen,main,abdomen,,,1.0,0.0,strong,"auto by subsystem=abdomen, nerve=AbN2, side=L"
MNad30_AbN2_R,20446,AbN2,abdomen,Ab,right,abdomen,main,abdomen,,,1.0,0.0,strong,"auto by subsystem=abdomen, nerve=AbN2, side=R"
MNad31_AbN2_L,15561,AbN2,abdomen,Ab,left,abdomen,main,abdomen,,,1.0,0.0,strong,"auto by subsystem=abdomen, nerve=AbN2, side=L"
MNad31_AbN2_R,15215,AbN2,abdomen,Ab,right,abdomen,main,abdomen,,,1.0,0.0,strong,"auto by subsystem=abdomen, nerve=AbN2, side=R"
MNad32_AbN2_L,14461,AbN2,abdomen,Ab,left,abdomen,main,abdomen,,,1.0,0.0,strong,"auto by subsystem=abdomen, nerve=AbN2, side=L"
MNad32_AbN2_R,17500,AbN2,abdomen,Ab,right,abdomen,main,abdomen,,,1.0,0.0,strong,"auto by subsystem=abdomen, nerve=AbN2, side=R"
MNad33_AbN2_L,15801,AbN2,abdomen,Ab,left,abdomen,main,abdomen,,,1.0,0.0,strong,"auto by subsystem=abdomen, nerve=AbN2, side=L"
MNad33_AbN2_R,14341,AbN2,abdomen,Ab,right,abdomen,main,abdomen,,,1.0,0.0,strong,"auto by subsystem=abdomen, nerve=AbN2, side=R"
MNad34_AbN2_L,10787,AbN2,abdomen,Ab,left,abdomen,main,abdomen,,,1.0,0.0,strong,"auto by subsystem=abdomen, nerve=AbN2, side=L"
MNad34_AbN2_R,14095,AbN2,abdomen,Ab,right,abdomen,main,abdomen,,,1.0,0.0,strong,"auto by subsystem=abdomen, nerve=AbN2, side=R"
MNad35_AbN2_L,12756,AbN2,abdomen,Ab,left,abdomen,main,abdomen,,,1.0,0.0,strong,"auto by subsystem=abdomen, nerve=AbN2, side=L"
MNad35_AbN2_R,12529,AbN2,abdomen,Ab,right,abdomen,main,abdomen,,,1.0,0.0,strong,"auto by subsystem=abdomen, nerve=AbN2, side=R"
MNad36_AbN2_L,12506,AbN2,abdomen,Ab,left,abdomen,main,abdomen,,,1.0,0.0,strong,"auto by subsystem=abdomen, nerve=AbN2, side=L"
MNad36_AbN2_R,12225,AbN2,abdomen,Ab,right,abdomen,main,abdomen,,,1.0,0.0,strong,"auto by subsystem=abdomen, nerve=AbN2, side=R"
MNad37_AbN2_L,12185,AbN2,abdomen,Ab,left,abdomen,main,abdomen,,,1.0,0.0,strong,"auto by subsystem=abdomen, nerve=AbN2, side=L"
MNad38_AbN3_L,13050,AbN3,abdomen,Ab,left,abdomen,main,abdomen,,,1.0,0.0,strong,"auto by subsystem=abdomen, nerve=AbN3, side=L"
MNad39_AbN3_R,21264,AbN3,abdomen,Ab,right,abdomen,main,abdomen,,,1.0,0.0,strong,"auto by subsystem=abdomen, nerve=AbN3, side=R"
MNad40_AbN2_L,11638,AbN2,abdomen,Ab,left,abdomen,main,abdomen,,,1.0,0.0,strong,"auto by subsystem=abdomen, nerve=AbN2, side=L"
MNad40_AbN2_R,14613,AbN2,abdomen,Ab,right,abdomen,main,abdomen,,,1.0,0.0,strong,"auto by subsystem=abdomen, nerve=AbN2, side=R"
MNad41_AbN2_L,10904,AbN2,abdomen,Ab,left,abdomen,main,abdomen,,,1.0,0.0,strong,"auto by subsystem=abdomen, nerve=AbN2, side=L"
MNad41_AbN2_R,10840,AbN2,abdomen,Ab,right,abdomen,main,abdomen,,,1.0,0.0,strong,"auto by subsystem=abdomen, nerve=AbN2, side=R"
MNad42_AbN2_L,10460,AbN2,abdomen,Ab,left,abdomen,main,abdomen,,,1.0,0.0,strong,"auto by subsystem=abdomen, nerve=AbN2, side=L"
MNad42_AbN2_R,10782,AbN2,abdomen,Ab,right,abdomen,main,abdomen,,,1.0,0.0,strong,"auto by subsystem=abdomen, nerve=AbN2, side=R"
MNad43_AbN3_L,17391,AbN3,abdomen,Ab,left,abdomen,main,abdomen,,,1.0,0.0,strong,"auto by subsystem=abdomen, nerve=AbN3, side=L"
MNad43_AbN3_R,18376,AbN3,abdomen,Ab,right,abdomen,main,abdomen,,,1.0,0.0,strong,"auto by subsystem=abdomen, nerve=AbN3, side=R"
MNad44_AbN3_L,16956,AbN3,abdomen,Ab,left,abdomen,main,abdomen,,,1.0,0.0,strong,"auto by subsystem=abdomen, nerve=AbN3, side=L"
MNad44_AbN3_R,16949,AbN3,abdomen,Ab,right,abdomen,main,abdomen,,,1.0,0.0,strong,"auto by subsystem=abdomen, nerve=AbN3, side=R"
MNad45_AbN2_L,16728,AbN2,abdomen,Ab,left,abdomen,main,abdomen,,,1.0,0.0,strong,"auto by subsystem=abdomen, nerve=AbN2, side=L"
MNad45_AbN2_R,16750,AbN2,abdomen,Ab,right,abdomen,main,abdomen,,,1.0,0.0,strong,"auto by subsystem=abdomen, nerve=AbN2, side=R"
MNad46_AbN2_L,16278,AbN2,abdomen,Ab,left,abdomen,main,abdomen,,,1.0,0.0,strong,"auto by subsystem=abdomen, nerve=AbN2, side=L"
MNad46_AbN2_R,17583,AbN2,abdomen,Ab,right,abdomen,main,abdomen,,,1.0,0.0,strong,"auto by subsystem=abdomen, nerve=AbN2, side=R"
MNad47_AbN2_L,15937,AbN2,abdomen,Ab,left,abdomen,main,abdomen,,,1.0,0.0,strong,"auto by subsystem=abdomen, nerve=AbN2, side=L"
MNad47_AbN2_R,17100,AbN2,abdomen,Ab,right,abdomen,main,abdomen,,,1.0,0.0,strong,"auto by subsystem=abdomen, nerve=AbN2, side=R"
MNad48_AbNT_L,15832,AbNT,abdomen,Ab,left,abdomen,main,abdomen,,,1.0,0.0,strong,"auto by subsystem=abdomen, nerve=AbNT, side=L"
MNad48_AbNT_R,17030,AbNT,abdomen,Ab,right,abdomen,main,abdomen,,,1.0,0.0,strong,"auto by subsystem=abdomen, nerve=AbNT, side=R"
MNad49_AbNT_L,14447,AbNT,abdomen,Ab,left,abdomen,main,abdomen,,,1.0,0.0,strong,"auto by subsystem=abdomen, nerve=AbNT, side=L"
MNad49_AbNT_R,14505,AbNT,abdomen,Ab,right,abdomen,main,abdomen,,,1.0,0.0,strong,"auto by subsystem=abdomen, nerve=AbNT, side=R"
MNad50_AbNT,14234,AbNT,abdomen,Ab,,abdomen,main,abdomen,,,1.0,0.0,strong,"auto by subsystem=abdomen, nerve=AbNT, side=ND"
MNad50_AbNT,15736,AbNT,abdomen,Ab,,abdomen,main,abdomen,,,1.0,0.0,strong,"auto by subsystem=abdomen, nerve=AbNT, side=ND"
MNad50_AbNT_R-AbNT_L,13444,R-AbNT,,,left,,,,,,1.0,0.0,low,unmapped nerve R-AbNT; fill manually
MNad51_AbN2_L,18373,AbN2,abdomen,Ab,left,abdomen,main,abdomen,,,1.0,0.0,strong,"auto by subsystem=abdomen, nerve=AbN2, side=L"
MNad51_AbN2_R,14159,AbN2,abdomen,Ab,right,abdomen,main,abdomen,,,1.0,0.0,strong,"auto by subsystem=abdomen, nerve=AbN2, side=R"
MNad52_AbN4_L,14708,AbN4,abdomen,Ab,left,abdomen,main,abdomen,,,1.0,0.0,strong,"auto by subsystem=abdomen, nerve=AbN4, side=L"
MNad52_AbN4_R,13929,AbN4,abdomen,Ab,right,abdomen,main,abdomen,,,1.0,0.0,strong,"auto by subsystem=abdomen, nerve=AbN4, side=R"
MNad53_AbNT_L,14983,AbNT,abdomen,Ab,left,abdomen,main,abdomen,,,1.0,0.0,strong,"auto by subsystem=abdomen, nerve=AbNT, side=L"
MNad53_AbNT_L,16094,AbNT,abdomen,Ab,left,abdomen,main,abdomen,,,1.0,0.0,strong,"auto by subsystem=abdomen, nerve=AbNT, side=L"
MNad53_AbNT_R,13836,AbNT,abdomen,Ab,right,abdomen,main,abdomen,,,1.0,0.0,strong,"auto by subsystem=abdomen, nerve=AbNT, side=R"
MNad53_AbNT_R,14888,AbNT,abdomen,Ab,right,abdomen,main,abdomen,,,1.0,0.0,strong,"auto by subsystem=abdomen, nerve=AbNT, side=R"
MNad54_AbN2_L,14021,AbN2,abdomen,Ab,left,abdomen,main,abdomen,,,1.0,0.0,strong,"auto by subsystem=abdomen, nerve=AbN2, side=L"
MNad54_AbN2_L,14653,AbN2,abdomen,Ab,left,abdomen,main,abdomen,,,1.0,0.0,strong,"auto by subsystem=abdomen, nerve=AbN2, side=L"
MNad54_AbN2_R,13806,AbN2,abdomen,Ab,right,abdomen,main,abdomen,,,1.0,0.0,strong,"auto by subsystem=abdomen, nerve=AbN2, side=R"
MNad54_AbN2_R,14407,AbN2,abdomen,Ab,right,abdomen,main,abdomen,,,1.0,0.0,strong,"auto by subsystem=abdomen, nerve=AbN2, side=R"
MNad55_AbNT_L,15094,AbNT,abdomen,Ab,left,abdomen,main,abdomen,,,1.0,0.0,strong,"auto by subsystem=abdomen, nerve=AbNT, side=L"
MNad55_AbNT_R,13742,AbNT,abdomen,Ab,right,abdomen,main,abdomen,,,1.0,0.0,strong,"auto by subsystem=abdomen, nerve=AbNT, side=R"
MNad56_AbN3_L,13797,AbN3,abdomen,Ab,left,abdomen,main,abdomen,,,1.0,0.0,strong,"auto by subsystem=abdomen, nerve=AbN3, side=L"
MNad56_AbN3_R,13725,AbN3,abdomen,Ab,right,abdomen,main,abdomen,,,1.0,0.0,strong,"auto by subsystem=abdomen, nerve=AbN3, side=R"
MNad57_AbNT_L,13392,AbNT,abdomen,Ab,left,abdomen,main,abdomen,,,1.0,0.0,strong,"auto by subsystem=abdomen, nerve=AbNT, side=L"
MNad57_AbNT_R,13493,AbNT,abdomen,Ab,right,abdomen,main,abdomen,,,1.0,0.0,strong,"auto by subsystem=abdomen, nerve=AbNT, side=R"
MNad58_AbN4_L,13188,AbN4,abdomen,Ab,left,abdomen,main,abdomen,,,1.0,0.0,strong,"auto by subsystem=abdomen, nerve=AbN4, side=L"
MNad58_AbN4_R,25023,AbN4,abdomen,Ab,right,abdomen,main,abdomen,,,1.0,0.0,strong,"auto by subsystem=abdomen, nerve=AbN4, side=R"
MNad59_AbN3_R,13526,AbN3,abdomen,Ab,right,abdomen,main,abdomen,,,1.0,0.0,strong,"auto by subsystem=abdomen, nerve=AbN3, side=R"
MNad61_AbNT_L,13418,AbNT,abdomen,Ab,left,abdomen,main,abdomen,,,1.0,0.0,strong,"auto by subsystem=abdomen, nerve=AbNT, side=L"
MNad61_AbNT_R,12499,AbNT,abdomen,Ab,right,abdomen,main,abdomen,,,1.0,0.0,strong,"auto by subsystem=abdomen, nerve=AbNT, side=R"
MNad62_AbNT_L,14329,AbNT,abdomen,Ab,left,abdomen,main,abdomen,,,1.0,0.0,strong,"auto by subsystem=abdomen, nerve=AbNT, side=L"
MNad62_AbNT_R,11549,AbNT,abdomen,Ab,right,abdomen,main,abdomen,,,1.0,0.0,strong,"auto by subsystem=abdomen, nerve=AbNT, side=R"
MNad63_AbN2_L,11375,AbN2,abdomen,Ab,left,abdomen,main,abdomen,,,1.0,0.0,strong,"auto by subsystem=abdomen, nerve=AbN2, side=L"
MNad63_AbN2_R,11428,AbN2,abdomen,Ab,right,abdomen,main,abdomen,,,1.0,0.0,strong,"auto by subsystem=abdomen, nerve=AbN2, side=R"
MNad64_AbNT_L,11097,AbNT,abdomen,Ab,left,abdomen,main,abdomen,,,1.0,0.0,strong,"auto by subsystem=abdomen, nerve=AbNT, side=L"
MNad64_AbNT_R,11436,AbNT,abdomen,Ab,right,abdomen,main,abdomen,,,1.0,0.0,strong,"auto by subsystem=abdomen, nerve=AbNT, side=R"
MNad65_AbNT_L,11265,AbNT,abdomen,Ab,left,abdomen,main,abdomen,,,1.0,0.0,strong,"auto by subsystem=abdomen, nerve=AbNT, side=L"
MNad65_AbNT_R,10915,AbNT,abdomen,Ab,right,abdomen,main,abdomen,,,1.0,0.0,strong,"auto by subsystem=abdomen, nerve=AbNT, side=R"
MNad66_AbNT_L,12526,AbNT,abdomen,Ab,left,abdomen,main,abdomen,,,1.0,0.0,strong,"auto by subsystem=abdomen, nerve=AbNT, side=L"
MNad66_AbNT_R,10872,AbNT,abdomen,Ab,right,abdomen,main,abdomen,,,1.0,0.0,strong,"auto by subsystem=abdomen, nerve=AbNT, side=R"
MNad67_AbNT_L,11063,AbNT,abdomen,Ab,left,abdomen,main,abdomen,,,1.0,0.0,strong,"auto by subsystem=abdomen, nerve=AbNT, side=L"
MNad67_AbNT_R,10865,AbNT,abdomen,Ab,right,abdomen,main,abdomen,,,1.0,0.0,strong,"auto by subsystem=abdomen, nerve=AbNT, side=R"
MNad68_AbNT_L,10527,AbNT,abdomen,Ab,left,abdomen,main,abdomen,,,1.0,0.0,strong,"auto by subsystem=abdomen, nerve=AbNT, side=L"
MNad68_AbNT_R,10660,AbNT,abdomen,Ab,right,abdomen,main,abdomen,,,1.0,0.0,strong,"auto by subsystem=abdomen, nerve=AbNT, side=R"
MNad69_AbNT_L,10524,AbNT,abdomen,Ab,left,abdomen,main,abdomen,,,1.0,0.0,strong,"auto by subsystem=abdomen, nerve=AbNT, side=L"
MNad69_AbNT_R,10676,AbNT,abdomen,Ab,right,abdomen,main,abdomen,,,1.0,0.0,strong,"auto by subsystem=abdomen, nerve=AbNT, side=R"
MNfl10_ProLN_L,17664,ProLN,leg,T1,left,,,,,,1.0,0.0,low,leg auto (nerve ProLN); pick joint/DoF for T1 left
MNfl10_ProLN_R,18483,ProLN,leg,T1,right,,,,,,1.0,0.0,low,leg auto (nerve ProLN); pick joint/DoF for T1 right
MNhl01_AbN1_L,221983,AbN1,abdomen,Ab,left,abdomen,main,abdomen,,,1.0,0.0,strong,"auto by subsystem=abdomen, nerve=AbN1, side=L"
MNhl01_AbN1_R,15735,AbN1,abdomen,Ab,right,abdomen,main,abdomen,,,1.0,0.0,strong,"auto by subsystem=abdomen, nerve=AbN1, side=R"
MNhl02_AbN1_L,11813,AbN1,abdomen,Ab,left,abdomen,main,abdomen,,,1.0,0.0,strong,"auto by subsystem=abdomen, nerve=AbN1, side=L"
MNhl02_AbN1_R,11274,AbN1,abdomen,Ab,right,abdomen,main,abdomen,,,1.0,0.0,strong,"auto by subsystem=abdomen, nerve=AbN1, side=R"
MNhl29_MetaLN_L,102123,MetaLN,leg,T3,left,,,,,,1.0,0.0,low,leg auto (nerve MetaLN); pick joint/DoF for T3 left
MNhl29_MetaLN_R,14649,MetaLN,leg,T3,right,,,,,,1.0,0.0,low,leg auto (nerve MetaLN); pick joint/DoF for T3 right
MNhl59_MetaLN_L,11809,MetaLN,leg,T3,left,,,,,,1.0,0.0,low,leg auto (nerve MetaLN); pick joint/DoF for T3 left
MNhl59_MetaLN_R,13543,MetaLN,leg,T3,right,,,,,,1.0,0.0,low,leg auto (nerve MetaLN); pick joint/DoF for T3 right
MNhl60_MetaLN_L,157709,MetaLN,leg,T3,left,,,,,,1.0,0.0,low,leg auto (nerve MetaLN); pick joint/DoF for T3 left
MNhl60_MetaLN_R,27205,MetaLN,leg,T3,right,,,,,,1.0,0.0,low,leg auto (nerve MetaLN); pick joint/DoF for T3 right
MNhl61_MetaLN_L,27757,MetaLN,leg,T3,left,,,,,,1.0,0.0,low,leg auto (nerve MetaLN); pick joint/DoF for T3 left
MNhl61_MetaLN_R,19744,MetaLN,leg,T3,right,,,,,,1.0,0.0,low,leg auto (nerve MetaLN); pick joint/DoF for T3 right
MNhl62_AbN1_L,27479,AbN1,abdomen,Ab,left,abdomen,main,abdomen,,,1.0,0.0,strong,"auto by subsystem=abdomen, nerve=AbN1, side=L"
MNhl62_AbN1_R,17970,AbN1,abdomen,Ab,right,abdomen,main,abdomen,,,1.0,0.0,strong,"auto by subsystem=abdomen, nerve=AbN1, side=R"
MNhl63_MetaLN_L,25599,MetaLN,leg,T3,left,,,,,,1.0,0.0,low,leg auto (nerve MetaLN); pick joint/DoF for T3 left
MNhl63_MetaLN_R,15550,MetaLN,leg,T3,right,,,,,,1.0,0.0,low,leg auto (nerve MetaLN); pick joint/DoF for T3 right
MNhl64_MetaLN_L,29474,MetaLN,leg,T3,left,,,,,,1.0,0.0,low,leg auto (nerve MetaLN); pick joint/DoF for T3 left
MNhl64_MetaLN_R,13740,MetaLN,leg,T3,right,,,,,,1.0,0.0,low,leg auto (nerve MetaLN); pick joint/DoF for T3 right
MNhl65_MetaLN_L,19480,MetaLN,leg,T3,left,,,,,,1.0,0.0,low,leg auto (nerve MetaLN); pick joint/DoF for T3 left
MNhl65_MetaLN_R,13144,MetaLN,leg,T3,right,,,,,,1.0,0.0,low,leg auto (nerve MetaLN); pick joint/DoF for T3 right
MNhl66_MetaLN_L,13095,MetaLN,leg,T3,left,,,,,,1.0,0.0,low,leg auto (nerve MetaLN); pick joint/DoF for T3 left
MNhl66_MetaLN_R,12800,MetaLN,leg,T3,right,,,,,,1.0,0.0,low,leg auto (nerve MetaLN); pick joint/DoF for T3 right
MNhl67_MetaLN_R,11480,MetaLN,leg,T3,right,,,,,,1.0,0.0,low,leg auto (nerve MetaLN); pick joint/DoF for T3 right
MNhl67_MetaLN_R,12504,MetaLN,leg,T3,right,,,,,,1.0,0.0,low,leg auto (nerve MetaLN); pick joint/DoF for T3 right
MNhl68_MetaLN_L,14339,MetaLN,leg,T3,left,,,,,,1.0,0.0,low,leg auto (nerve MetaLN); pick joint/DoF for T3 left
MNhl68_MetaLN_R,10968,MetaLN,leg,T3,right,,,,,,1.0,0.0,low,leg auto (nerve MetaLN); pick joint/DoF for T3 right
MNhl68_MetaLN_R,13512,MetaLN,leg,T3,right,,,,,,1.0,0.0,low,leg auto (nerve MetaLN); pick joint/DoF for T3 right
MNhl69_MetaLN_L,100824,MetaLN,leg,T3,left,,,,,,1.0,0.0,low,leg auto (nerve MetaLN); pick joint/DoF for T3 left
MNhl70_MetaLN_L,35407,MetaLN,leg,T3,left,,,,,,1.0,0.0,low,leg auto (nerve MetaLN); pick joint/DoF for T3 left
MNhl71_MetaLN_L,192364,MetaLN,leg,T3,left,,,,,,1.0,0.0,low,leg auto (nerve MetaLN); pick joint/DoF for T3 left
MNhl72_MetaLN_L,37741,MetaLN,leg,T3,left,,,,,,1.0,0.0,low,leg auto (nerve MetaLN); pick joint/DoF for T3 left
MNhl73_MetaLN_L,163009,MetaLN,leg,T3,left,,,,,,1.0,0.0,low,leg auto (nerve MetaLN); pick joint/DoF for T3 left
MNhl74_MetaLN_L,15879,MetaLN,leg,T3,left,,,,,,1.0,0.0,low,leg auto (nerve MetaLN); pick joint/DoF for T3 left
MNhl75_MetaLN_R,14622,MetaLN,leg,T3,right,,,,,,1.0,0.0,low,leg auto (nerve MetaLN); pick joint/DoF for T3 right
MNhl87_MetaLN_L,17761,MetaLN,leg,T3,left,,,,,,1.0,0.0,low,leg auto (nerve MetaLN); pick joint/DoF for T3 left
MNhl87_MetaLN_R,15857,MetaLN,leg,T3,right,,,,,,1.0,0.0,low,leg auto (nerve MetaLN); pick joint/DoF for T3 right
MNhl88_MetaLN_L,17905,MetaLN,leg,T3,left,,,,,,1.0,0.0,low,leg auto (nerve MetaLN); pick joint/DoF for T3 left
MNhl88_MetaLN_R,13883,MetaLN,leg,T3,right,,,,,,1.0,0.0,low,leg auto (nerve MetaLN); pick joint/DoF for T3 right
MNhm03_AbN1_L,10825,AbN1,abdomen,Ab,left,abdomen,main,abdomen,,,1.0,0.0,strong,"auto by subsystem=abdomen, nerve=AbN1, side=L"
MNhm03_AbN1_R,18566,AbN1,abdomen,Ab,right,abdomen,main,abdomen,,,1.0,0.0,strong,"auto by subsystem=abdomen, nerve=AbN1, side=R"
MNhm42_AbN1_L,10571,AbN1,abdomen,Ab,left,abdomen,main,abdomen,,,1.0,0.0,strong,"auto by subsystem=abdomen, nerve=AbN1, side=L"
MNhm42_AbN1_R,49582,AbN1,abdomen,Ab,right,abdomen,main,abdomen,,,1.0,0.0,strong,"auto by subsystem=abdomen, nerve=AbN1, side=R"
MNhm43_AbN1_L,17216,AbN1,abdomen,Ab,left,abdomen,main,abdomen,,,1.0,0.0,strong,"auto by subsystem=abdomen, nerve=AbN1, side=L"
MNhm43_AbN1_R,24257,AbN1,abdomen,Ab,right,abdomen,main,abdomen,,,1.0,0.0,strong,"auto by subsystem=abdomen, nerve=AbN1, side=R"
MNml10_MesoLN_L,20378,MesoLN,leg,T2,left,,,,,,1.0,0.0,low,leg auto (nerve MesoLN); pick joint/DoF for T2 left
MNml10_MesoLN_R,29509,MesoLN,leg,T2,right,,,,,,1.0,0.0,low,leg auto (nerve MesoLN); pick joint/DoF for T2 right
MNml29_MesoLN_L,19773,MesoLN,leg,T2,left,,,,,,1.0,0.0,low,leg auto (nerve MesoLN); pick joint/DoF for T2 left
MNml29_MesoLN_R,12196,MesoLN,leg,T2,right,,,,,,1.0,0.0,low,leg auto (nerve MesoLN); pick joint/DoF for T2 right
MNml76_MesoLN_L,162825,MesoLN,leg,T2,left,,,,,,1.0,0.0,low,leg auto (nerve MesoLN); pick joint/DoF for T2 left
MNml76_MesoLN_R,156505,MesoLN,leg,T2,right,,,,,,1.0,0.0,low,leg auto (nerve MesoLN); pick joint/DoF for T2 right
MNml77_MesoLN_L,103416,MesoLN,leg,T2,left,,,,,,1.0,0.0,low,leg auto (nerve MesoLN); pick joint/DoF for T2 left
MNml77_MesoLN_R,200065,MesoLN,leg,T2,right,,,,,,1.0,0.0,low,leg auto (nerve MesoLN); pick joint/DoF for T2 right
MNml78_MesoLN_L,167919,MesoLN,leg,T2,left,,,,,,1.0,0.0,low,leg auto (nerve MesoLN); pick joint/DoF for T2 left
MNml78_MesoLN_L,20551,MesoLN,leg,T2,left,,,,,,1.0,0.0,low,leg auto (nerve MesoLN); pick joint/DoF for T2 left
MNml78_MesoLN_L,30709,MesoLN,leg,T2,left,,,,,,1.0,0.0,low,leg auto (nerve MesoLN); pick joint/DoF for T2 left
MNml78_MesoLN_R,30781,MesoLN,leg,T2,right,,,,,,1.0,0.0,low,leg auto (nerve MesoLN); pick joint/DoF for T2 right
MNml78_MesoLN_R,35950,MesoLN,leg,T2,right,,,,,,1.0,0.0,low,leg auto (nerve MesoLN); pick joint/DoF for T2 right
MNml78_MesoLN_R,39941,MesoLN,leg,T2,right,,,,,,1.0,0.0,low,leg auto (nerve MesoLN); pick joint/DoF for T2 right
MNml79_MesoLN_L,17964,MesoLN,leg,T2,left,,,,,,1.0,0.0,low,leg auto (nerve MesoLN); pick joint/DoF for T2 left
MNml79_MesoLN_R,32253,MesoLN,leg,T2,right,,,,,,1.0,0.0,low,leg auto (nerve MesoLN); pick joint/DoF for T2 right
MNml80_MesoLN_L,17697,MesoLN,leg,T2,left,,,,,,1.0,0.0,low,leg auto (nerve MesoLN); pick joint/DoF for T2 left
MNml80_MesoLN_L,25956,MesoLN,leg,T2,left,,,,,,1.0,0.0,low,leg auto (nerve MesoLN); pick joint/DoF for T2 left
MNml80_MesoLN_R,15616,MesoLN,leg,T2,right,,,,,,1.0,0.0,low,leg auto (nerve MesoLN); pick joint/DoF for T2 right
MNml81_MesoLN_L,13036,MesoLN,leg,T2,left,,,,,,1.0,0.0,low,leg auto (nerve MesoLN); pick joint/DoF for T2 left
MNml81_MesoLN_R,14828,MesoLN,leg,T2,right,,,,,,1.0,0.0,low,leg auto (nerve MesoLN); pick joint/DoF for T2 right
MNml82_MesoLN_L,101909,MesoLN,leg,T2,left,,,,,,1.0,0.0,low,leg auto (nerve MesoLN); pick joint/DoF for T2 left
MNml83_MesoLN_L,17036,MesoLN,leg,T2,left,,,,,,1.0,0.0,low,leg auto (nerve MesoLN); pick joint/DoF for T2 left
MNml84_MesoLN_R,16497,MesoLN,leg,T2,right,,,,,,1.0,0.0,low,leg auto (nerve MesoLN); pick joint/DoF for T2 right
MNml85_MesoLN_R,16017,MesoLN,leg,T2,right,,,,,,1.0,0.0,low,leg auto (nerve MesoLN); pick joint/DoF for T2 right
MNml86_MesoLN_R,162827,MesoLN,leg,T2,right,,,,,,1.0,0.0,low,leg auto (nerve MesoLN); pick joint/DoF for T2 right
MNnm03_DProN_L,156960,DProN,head,T1,left,head,main,head,,,1.0,0.0,strong,"auto by subsystem=head, nerve=DProN, side=L"
MNnm03_DProN_L,156960,DProN,head,T1,left,antenna,abduct,antenna_abduct_left, +1,,1.0,0.0,strong,"auto by subsystem=head, nerve=DProN, side=L"
MNnm03_DProN_R,45594,DProN,head,T1,right,head,main,head,,,1.0,0.0,strong,"auto by subsystem=head, nerve=DProN, side=R"
MNnm03_DProN_R,45594,DProN,head,T1,right,antenna,abduct,antenna_abduct_right, +1,,1.0,0.0,strong,"auto by subsystem=head, nerve=DProN, side=R"
MNnm07_DProN_L,26924,DProN,head,T1,left,head,main,head,,,1.0,0.0,strong,"auto by subsystem=head, nerve=DProN, side=L"
MNnm07_DProN_L,26924,DProN,head,T1,left,antenna,abduct,antenna_abduct_left, +1,,1.0,0.0,strong,"auto by subsystem=head, nerve=DProN, side=L"
MNnm07_DProN_R,15789,DProN,head,T1,right,head,main,head,,,1.0,0.0,strong,"auto by subsystem=head, nerve=DProN, side=R"
MNnm07_DProN_R,15789,DProN,head,T1,right,antenna,abduct,antenna_abduct_right, +1,,1.0,0.0,strong,"auto by subsystem=head, nerve=DProN, side=R"
MNnm08_DProN_L,11059,DProN,head,T1,left,head,main,head,,,1.0,0.0,strong,"auto by subsystem=head, nerve=DProN, side=L"
MNnm08_DProN_L,11059,DProN,head,T1,left,antenna,abduct,antenna_abduct_left, +1,,1.0,0.0,strong,"auto by subsystem=head, nerve=DProN, side=L"
MNnm08_DProN_R,11954,DProN,head,T1,right,head,main,head,,,1.0,0.0,strong,"auto by subsystem=head, nerve=DProN, side=R"
MNnm08_DProN_R,11954,DProN,head,T1,right,antenna,abduct,antenna_abduct_right, +1,,1.0,0.0,strong,"auto by subsystem=head, nerve=DProN, side=R"
MNnm09_DProN_L,12603,DProN,head,T1,left,head,main,head,,,1.0,0.0,strong,"auto by subsystem=head, nerve=DProN, side=L"
MNnm09_DProN_L,12603,DProN,head,T1,left,antenna,abduct,antenna_abduct_left, +1,,1.0,0.0,strong,"auto by subsystem=head, nerve=DProN, side=L"
MNnm09_DProN_R,24149,DProN,head,T1,right,head,main,head,,,1.0,0.0,strong,"auto by subsystem=head, nerve=DProN, side=R"
MNnm09_DProN_R,24149,DProN,head,T1,right,antenna,abduct,antenna_abduct_right, +1,,1.0,0.0,strong,"auto by subsystem=head, nerve=DProN, side=R"
MNnm10_DProN_L,178721,DProN,head,T1,left,head,main,head,,,1.0,0.0,strong,"auto by subsystem=head, nerve=DProN, side=L"
MNnm10_DProN_L,178721,DProN,head,T1,left,antenna,abduct,antenna_abduct_left, +1,,1.0,0.0,strong,"auto by subsystem=head, nerve=DProN, side=L"
MNnm10_DProN_R,11033,DProN,head,T1,right,head,main,head,,,1.0,0.0,strong,"auto by subsystem=head, nerve=DProN, side=R"
MNnm10_DProN_R,11033,DProN,head,T1,right,antenna,abduct,antenna_abduct_right, +1,,1.0,0.0,strong,"auto by subsystem=head, nerve=DProN, side=R"
MNnm11_DProN_L,102542,DProN,head,T1,left,head,main,head,,,1.0,0.0,strong,"auto by subsystem=head, nerve=DProN, side=L"
MNnm11_DProN_L,102542,DProN,head,T1,left,antenna,abduct,antenna_abduct_left, +1,,1.0,0.0,strong,"auto by subsystem=head, nerve=DProN, side=L"
MNnm11_DProN_R,23937,DProN,head,T1,right,head,main,head,,,1.0,0.0,strong,"auto by subsystem=head, nerve=DProN, side=R"
MNnm11_DProN_R,23937,DProN,head,T1,right,antenna,abduct,antenna_abduct_right, +1,,1.0,0.0,strong,"auto by subsystem=head, nerve=DProN, side=R"
MNnm12_DProN_L,15923,DProN,head,T1,left,head,main,head,,,1.0,0.0,strong,"auto by subsystem=head, nerve=DProN, side=L"
MNnm12_DProN_L,15923,DProN,head,T1,left,antenna,abduct,antenna_abduct_left, +1,,1.0,0.0,strong,"auto by subsystem=head, nerve=DProN, side=L"
MNnm12_DProN_R,18717,DProN,head,T1,right,head,main,head,,,1.0,0.0,strong,"auto by subsystem=head, nerve=DProN, side=R"
MNnm12_DProN_R,18717,DProN,head,T1,right,antenna,abduct,antenna_abduct_right, +1,,1.0,0.0,strong,"auto by subsystem=head, nerve=DProN, side=R"
MNnm13_DProN_L,13974,DProN,head,T1,left,head,main,head,,,1.0,0.0,strong,"auto by subsystem=head, nerve=DProN, side=L"
MNnm13_DProN_L,13974,DProN,head,T1,left,antenna,abduct,antenna_abduct_left, +1,,1.0,0.0,strong,"auto by subsystem=head, nerve=DProN, side=L"
MNnm13_DProN_R,15244,DProN,head,T1,right,head,main,head,,,1.0,0.0,strong,"auto by subsystem=head, nerve=DProN, side=R"
MNnm13_DProN_R,15244,DProN,head,T1,right,antenna,abduct,antenna_abduct_right, +1,,1.0,0.0,strong,"auto by subsystem=head, nerve=DProN, side=R"
MNnm14_DProN_L,153756,DProN,head,T1,left,head,main,head,,,1.0,0.0,strong,"auto by subsystem=head, nerve=DProN, side=L"
MNnm14_DProN_L,153756,DProN,head,T1,left,antenna,abduct,antenna_abduct_left, +1,,1.0,0.0,strong,"auto by subsystem=head, nerve=DProN, side=L"
MNnm14_DProN_R,15049,DProN,head,T1,right,head,main,head,,,1.0,0.0,strong,"auto by subsystem=head, nerve=DProN, side=R"
MNnm14_DProN_R,15049,DProN,head,T1,right,antenna,abduct,antenna_abduct_right, +1,,1.0,0.0,strong,"auto by subsystem=head, nerve=DProN, side=R"
MNwm34_PDMNp_L,10068,PDMN,wing,T2,left,wing,pitch,wing_pitch_left,,,1.0,0.0,strong,"auto by subsystem=wing, nerve=PDMN, side=L"
MNwm34_PDMNp_R,10110,PDMN,wing,T2,right,wing,pitch,wing_pitch_right,,,1.0,0.0,strong,"auto by subsystem=wing, nerve=PDMN, side=R"
MNwm35_MesoAN_L,11991,MesoAN,wing,T2,left,wing,pitch,wing_pitch_left,,,1.0,0.0,strong,"auto by subsystem=wing, nerve=MesoAN, side=L"
MNwm35_MesoAN_R,13665,MesoAN,wing,T2,right,wing,pitch,wing_pitch_right,,,1.0,0.0,strong,"auto by subsystem=wing, nerve=MesoAN, side=R"
MNwm36_MesoAN_L,10178,MesoAN,wing,T2,left,wing,pitch,wing_pitch_left,,,1.0,0.0,strong,"auto by subsystem=wing, nerve=MesoAN, side=L"
MNwm36_MesoAN_R,46457,MesoAN,wing,T2,right,wing,pitch,wing_pitch_right,,,1.0,0.0,strong,"auto by subsystem=wing, nerve=MesoAN, side=R"
MNxm01_PDMNa_L,12009,PDMN,wing,T2,left,wing,pitch,wing_pitch_left,,,1.0,0.0,strong,"auto by subsystem=wing, nerve=PDMN, side=L"
MNxm01_PDMNa_R,11372,PDMN,wing,T2,right,wing,pitch,wing_pitch_right,,,1.0,0.0,strong,"auto by subsystem=wing, nerve=PDMN, side=R"
MNxm02_DMetaN_L,13072,DMetaN,,,left,,,,,,1.0,0.0,low,unmapped nerve DMetaN; fill manually
MNxm02_DMetaN_R,12308,DMetaN,,,right,,,,,,1.0,0.0,low,unmapped nerve DMetaN; fill manually
MNxm03_DMetaN_L,16167,DMetaN,,,left,,,,,,1.0,0.0,low,unmapped nerve DMetaN; fill manually
MNxm03_DMetaN_R,13478,DMetaN,,,right,,,,,,1.0,0.0,low,unmapped nerve DMetaN; fill manually
TTMn,10068,,,,,,,,,,1.0,0.0,low,unmapped nerve unknown; fill manually
TTMn,10110,,,,,,,,,,1.0,0.0,low,unmapped nerve unknown; fill manually
